{"evil + inverted_idx":{"1":{"F1":0.14953703703703702,"MAP":0.2916666666666667,"MAR":0.11284722222222221,"MRR":0.2916666666666667,"nDCG":0.2916666666666667},"10":{"F1":0.06768463018463018,"MAP":0.1507523148148148,"MAR":0.1579861111111111,"MRR":0.2916666666666667,"nDCG":0.1834116853456722},"3":{"F1":0.1323773448773449,"MAP":0.16898148148148148,"MAR":0.14756944444444445,"MRR":0.2916666666666667,"nDCG":0.19943100032593122},"5":{"F1":0.1085927960927961,"MAP":0.15387731481481481,"MAR":0.1579861111111111,"MRR":0.2916666666666667,"nDCG":0.1870040812834205}},"evil + llm_tree_idx":{"1":{"F1":0.5342592592592593,"MAP":0.8333333333333334,"MAR":0.4288194444444444,"MRR":0.8333333333333334,"nDCG":0.8333333333333334},"10":{"F1":0.20852850852850854,"MAP":0.5480902777777777,"MAR":0.5864583333333334,"MRR":0.8888888888888888,"nDCG":0.6361360269256452},"3":{"F1":0.4362463924963926,"MAP":0.5648148148148148,"MAR":0.5517361111111111,"MRR":0.8888888888888888,"nDCG":0.649941831072539},"5":{"F1":0.3462581400081401,"MAP":0.5512152777777778,"MAR":0.5864583333333334,"MRR":0.8888888888888888,"nDCG":0.6397284228633935}},"inverted_idx":{"1":{"F1":0.10694444444444444,"MAP":0.16666666666666666,"MAR":0.08680555555555557,"MRR":0.16666666666666666,"nDCG":0.16666666666666666},"10":{"F1":0.07462907462907463,"MAP":0.12219742063492063,"MAR":0.17881944444444445,"MRR":0.20138888888888887,"nDCG":0.15872692516282846},"3":{"F1":0.0946789321789322,"MAP":0.11342592592592593,"MAR":0.11284722222222221,"MRR":0.19444444444444445,"nDCG":0.13821105340831638},"5":{"F1":0.08230311355311358,"MAP":0.11180555555555555,"MAR":0.13368055555555555,"MRR":0.19444444444444445,"nDCG":0.13837817491346674}},"llm_tree_idx":{"1":{"F1":0.31805555555555554,"MAP":0.4583333333333333,"MAR":0.2638888888888889,"MRR":0.4583333333333333,"nDCG":0.4583333333333333},"10":{"F1":0.26652606652606653,"MAP":0.4644642857142857,"MAR":0.7253472222222221,"MRR":0.6375496031746032,"nDCG":0.5799323943558328},"3":{"F1":0.3498376623376624,"MAP":0.3888888888888889,"MAR":0.4427083333333333,"MRR":0.611111111111111,"nDCG":0.46654025155069695},"5":{"F1":0.32310999185999184,"MAP":0.4155555555555555,"MAR":0.534375,"MRR":0.6194444444444445,"nDCG":0.5020575225123012}},"qwen-2-72b + inverted_idx":{"1":{"F1":0.14953703703703702,"MAP":0.2916666666666667,"MAR":0.11284722222222221,"MRR":0.2916666666666667,"nDCG":0.2916666666666667},"10":{"F1":0.06821881821881823,"MAP":0.1597222222222222,"MAR":0.16493055555555555,"MRR":0.2916666666666667,"nDCG":0.1885426056566231},"3":{"F1":0.13515512265512267,"MAP":0.18055555555555555,"MAR":0.15451388888888887,"MRR":0.2916666666666667,"nDCG":0.20577322716856303},"5":{"F1":0.10082163207163208,"MAP":0.15763888888888888,"MAR":0.15451388888888887,"MRR":0.2916666666666667,"nDCG":0.18634099411475571}},"qwen-2-72b + llm_tree_idx":{"1":{"F1":0.525,"MAP":0.7916666666666666,"MAR":0.4236111111111111,"MRR":0.7916666666666666,"nDCG":0.7916666666666666},"10":{"F1":0.2023726273726274,"MAP":0.5458333333333334,"MAR":0.563888888888889,"MRR":0.8333333333333334,"nDCG":0.6200161565658527},"3":{"F1":0.4211309523809524,"MAP":0.5555555555555556,"MAR":0.5291666666666667,"MRR":0.8333333333333334,"nDCG":0.6261692765846933},"5":{"F1":0.3357142857142857,"MAP":0.5458333333333334,"MAR":0.563888888888889,"MRR":0.8333333333333334,"nDCG":0.6200161565658527}}}
