{
    "evil + inverted_idx": {
        "1": {
            "F1": 0.3333333333333333,
            "MAP": 0.5,
            "MAR": 0.25,
            "MRR": 0.5,
            "nDCG": 0.5
        },
        "10": {
            "F1": 0.16666666666666669,
            "MAP": 0.5,
            "MAR": 0.5,
            "MRR": 0.5,
            "nDCG": 0.5
        },
        "3": {
            "F1": 0.4,
            "MAP": 0.5,
            "MAR": 0.5,
            "MRR": 0.5,
            "nDCG": 0.5
        },
        "5": {
            "F1": 0.28571428571428575,
            "MAP": 0.5,
            "MAR": 0.5,
            "MRR": 0.5,
            "nDCG": 0.5
        }
    },
    "evil + llm_tree_idx": {
        "1": {
            "F1": 0.8333333333333333,
            "MAP": 1.0,
            "MAR": 0.75,
            "MRR": 1.0,
            "nDCG": 1.0
        },
        "10": {
            "F1": 0.25757575757575757,
            "MAP": 1.0,
            "MAR": 1.0,
            "MRR": 1.0,
            "nDCG": 1.0
        },
        "3": {
            "F1": 0.65,
            "MAP": 1.0,
            "MAR": 1.0,
            "MRR": 1.0,
            "nDCG": 1.0
        },
        "5": {
            "F1": 0.45238095238095244,
            "MAP": 1.0,
            "MAR": 1.0,
            "MRR": 1.0,
            "nDCG": 1.0
        }
    },
    "inverted_idx": {
        "1": {
            "F1": 0.3333333333333333,
            "MAP": 0.5,
            "MAR": 0.25,
            "MRR": 0.5,
            "nDCG": 0.5
        },
        "10": {
            "F1": 0.16666666666666669,
            "MAP": 0.5,
            "MAR": 0.5,
            "MRR": 0.5,
            "nDCG": 0.5
        },
        "3": {
            "F1": 0.4,
            "MAP": 0.5,
            "MAR": 0.5,
            "MRR": 0.5,
            "nDCG": 0.5
        },
        "5": {
            "F1": 0.28571428571428575,
            "MAP": 0.5,
            "MAR": 0.5,
            "MRR": 0.5,
            "nDCG": 0.5
        }
    },
    "llm_tree_idx": {
        "1": {
            "F1": 0.8333333333333333,
            "MAP": 1.0,
            "MAR": 0.75,
            "MRR": 1.0,
            "nDCG": 1.0
        },
        "10": {
            "F1": 0.25757575757575757,
            "MAP": 1.0,
            "MAR": 1.0,
            "MRR": 1.0,
            "nDCG": 1.0
        },
        "3": {
            "F1": 0.65,
            "MAP": 1.0,
            "MAR": 1.0,
            "MRR": 1.0,
            "nDCG": 1.0
        },
        "5": {
            "F1": 0.45238095238095244,
            "MAP": 1.0,
            "MAR": 1.0,
            "MRR": 1.0,
            "nDCG": 1.0
        }
    },
    "qwen-2-72b + inverted_idx": {
        "1": {
            "F1": 0.3333333333333333,
            "MAP": 0.5,
            "MAR": 0.25,
            "MRR": 0.5,
            "nDCG": 0.5
        },
        "10": {
            "F1": 0.16666666666666669,
            "MAP": 0.5,
            "MAR": 0.5,
            "MRR": 0.5,
            "nDCG": 0.5
        },
        "3": {
            "F1": 0.4,
            "MAP": 0.5,
            "MAR": 0.5,
            "MRR": 0.5,
            "nDCG": 0.5
        },
        "5": {
            "F1": 0.28571428571428575,
            "MAP": 0.5,
            "MAR": 0.5,
            "MRR": 0.5,
            "nDCG": 0.5
        }
    },
    "qwen-2-72b + llm_tree_idx": {
        "1": {
            "F1": 0.8333333333333333,
            "MAP": 1.0,
            "MAR": 0.75,
            "MRR": 1.0,
            "nDCG": 1.0
        },
        "10": {
            "F1": 0.25757575757575757,
            "MAP": 1.0,
            "MAR": 1.0,
            "MRR": 1.0,
            "nDCG": 1.0
        },
        "3": {
            "F1": 0.65,
            "MAP": 1.0,
            "MAR": 1.0,
            "MRR": 1.0,
            "nDCG": 1.0
        },
        "5": {
            "F1": 0.45238095238095244,
            "MAP": 1.0,
            "MAR": 1.0,
            "MRR": 1.0,
            "nDCG": 1.0
        }
    }
}